Title,Author,Year,Abstract,Keywords
Federated Learning: Privacy-Preserving AI (Part 1),Frank Castle et al.,2023,This paper explores the applications and challenges of federated learning: privacy-preserving ai (part 1) within the broader context of computer science. We propose a novel architecture that improves performance by 15% over state-of-the-art baselines.,"Deep Learning, Machine Learning, Computer Vision"
Microservices vs Monolithic Architectures (Part 2),Charlie Brown et al.,2019,This paper explores the applications and challenges of microservices vs monolithic architectures (part 2) within the broader context of computer science. We propose a novel architecture that improves performance by 15% over state-of-the-art baselines.,"Cloud Computing, Quantum Computing, Machine Learning"
Quantum Computing: A Post-Moore Paradigm (Part 3),Frank Castle et al.,2019,This paper explores the applications and challenges of quantum computing: a post-moore paradigm (part 3) within the broader context of computer science. We propose a novel architecture that improves performance by 15% over state-of-the-art baselines.,"Quantum Computing, Algorithms, Neural Networks"
Explainable AI (XAI) for Medical Diagnosis (Part 4),Diana Prince et al.,2026,This paper explores the applications and challenges of explainable ai (xai) for medical diagnosis (part 4) within the broader context of computer science. We propose a novel architecture that improves performance by 15% over state-of-the-art baselines.,"Artificial Intelligence, IoT, Edge Computing"
Generative Adversarial Networks for Image Synthesis (Part 5),Bob Jones et al.,2025,This paper explores the applications and challenges of generative adversarial networks for image synthesis (part 5) within the broader context of computer science. We propose a novel architecture that improves performance by 15% over state-of-the-art baselines.,"Edge Computing, Quantum Computing, Neural Networks"
Blockchain for Supply Chain Transparency (Part 1),Judy Garland et al.,2026,This paper explores the applications and challenges of blockchain for supply chain transparency (part 1) within the broader context of computer science. We propose a novel architecture that improves performance by 15% over state-of-the-art baselines.,"Computer Vision, Machine Learning, IoT"
Ethics in Artificial Intelligence (Part 2),Frank Castle et al.,2024,This paper explores the applications and challenges of ethics in artificial intelligence (part 2) within the broader context of computer science. We propose a novel architecture that improves performance by 15% over state-of-the-art baselines.,"Computer Vision, Robotics, Artificial Intelligence"
Explainable AI (XAI) for Medical Diagnosis (Part 3),Bob Jones et al.,2024,This paper explores the applications and challenges of explainable ai (xai) for medical diagnosis (part 3) within the broader context of computer science. We propose a novel architecture that improves performance by 15% over state-of-the-art baselines.,"Quantum Computing, Deep Learning, Cybersecurity"
Human-Computer Interaction in Virtual Reality (Part 4),Alice Smith et al.,2023,This paper explores the applications and challenges of human-computer interaction in virtual reality (part 4) within the broader context of computer science. We propose a novel architecture that improves performance by 15% over state-of-the-art baselines.,"Edge Computing, Quantum Computing, Computer Vision"
Microservices vs Monolithic Architectures (Part 5),Bob Jones et al.,2019,This paper explores the applications and challenges of microservices vs monolithic architectures (part 5) within the broader context of computer science. We propose a novel architecture that improves performance by 15% over state-of-the-art baselines.,"Quantum Computing, IoT, Edge Computing"
5G Networks and Low Latency Applications (Part 1),Heidi Klum et al.,2018,This paper explores the applications and challenges of 5g networks and low latency applications (part 1) within the broader context of computer science. We propose a novel architecture that improves performance by 15% over state-of-the-art baselines.,"Machine Learning, Algorithms, Neural Networks"
Blockchain for Supply Chain Transparency (Part 2),Heidi Klum et al.,2020,This paper explores the applications and challenges of blockchain for supply chain transparency (part 2) within the broader context of computer science. We propose a novel architecture that improves performance by 15% over state-of-the-art baselines.,"Data Science, Quantum Computing, Robotics"
Time Series Forecasting with LSTM (Part 3),Heidi Klum et al.,2018,This paper explores the applications and challenges of time series forecasting with lstm (part 3) within the broader context of computer science. We propose a novel architecture that improves performance by 15% over state-of-the-art baselines.,"Cybersecurity, Robotics, Computer Vision"
Deep Learning for Computer Vision: A Review (Part 4),Diana Prince et al.,2026,This paper explores the applications and challenges of deep learning for computer vision: a review (part 4) within the broader context of computer science. We propose a novel architecture that improves performance by 15% over state-of-the-art baselines.,"Edge Computing, Computer Vision, Neural Networks"
Quantum Computing: A Post-Moore Paradigm (Part 5),Ivan Drago et al.,2026,This paper explores the applications and challenges of quantum computing: a post-moore paradigm (part 5) within the broader context of computer science. We propose a novel architecture that improves performance by 15% over state-of-the-art baselines.,"Cybersecurity, Blockchain, Data Science"
Serverless Computing Architecture (Part 1),Alice Smith et al.,2018,This paper explores the applications and challenges of serverless computing architecture (part 1) within the broader context of computer science. We propose a novel architecture that improves performance by 15% over state-of-the-art baselines.,"Edge Computing, Artificial Intelligence, Algorithms"
Edge Computing for IoT Devices (Part 2),Diana Prince et al.,2020,This paper explores the applications and challenges of edge computing for iot devices (part 2) within the broader context of computer science. We propose a novel architecture that improves performance by 15% over state-of-the-art baselines.,"Algorithms, Artificial Intelligence, Computer Vision"
Blockchain for Supply Chain Transparency (Part 3),Judy Garland et al.,2024,This paper explores the applications and challenges of blockchain for supply chain transparency (part 3) within the broader context of computer science. We propose a novel architecture that improves performance by 15% over state-of-the-art baselines.,"IoT, Edge Computing, Algorithms"
Hardware Accelerators for Machine Learning (Part 4),Charlie Brown et al.,2023,This paper explores the applications and challenges of hardware accelerators for machine learning (part 4) within the broader context of computer science. We propose a novel architecture that improves performance by 15% over state-of-the-art baselines.,"Data Science, Edge Computing, Computer Vision"
Federated Learning: Privacy-Preserving AI (Part 5),Charlie Brown et al.,2026,This paper explores the applications and challenges of federated learning: privacy-preserving ai (part 5) within the broader context of computer science. We propose a novel architecture that improves performance by 15% over state-of-the-art baselines.,"Data Science, Robotics, Machine Learning"
Explainable AI (XAI) for Medical Diagnosis (Part 1),Bob Jones et al.,2018,This paper explores the applications and challenges of explainable ai (xai) for medical diagnosis (part 1) within the broader context of computer science. We propose a novel architecture that improves performance by 15% over state-of-the-art baselines.,"Cloud Computing, Data Science, Neural Networks"
Reinforcement Learning in Robotics (Part 2),Diana Prince et al.,2021,This paper explores the applications and challenges of reinforcement learning in robotics (part 2) within the broader context of computer science. We propose a novel architecture that improves performance by 15% over state-of-the-art baselines.,"Blockchain, Robotics, Computer Vision"
Self-Supervised Learning in Speech Recognition (Part 3),Ivan Drago et al.,2026,This paper explores the applications and challenges of self-supervised learning in speech recognition (part 3) within the broader context of computer science. We propose a novel architecture that improves performance by 15% over state-of-the-art baselines.,"Artificial Intelligence, Machine Learning, Data Science"
Cloud Computing Security Challenges (Part 4),Alice Smith et al.,2025,This paper explores the applications and challenges of cloud computing security challenges (part 4) within the broader context of computer science. We propose a novel architecture that improves performance by 15% over state-of-the-art baselines.,"Blockchain, Cloud Computing, Quantum Computing"
Cloud Computing Security Challenges (Part 5),Diana Prince et al.,2023,This paper explores the applications and challenges of cloud computing security challenges (part 5) within the broader context of computer science. We propose a novel architecture that improves performance by 15% over state-of-the-art baselines.,"Deep Learning, Robotics, Cybersecurity"
Optimization Algorithms for Deep Neural Networks (Part 1),Frank Castle et al.,2019,This paper explores the applications and challenges of optimization algorithms for deep neural networks (part 1) within the broader context of computer science. We propose a novel architecture that improves performance by 15% over state-of-the-art baselines.,"Cloud Computing, Edge Computing, Deep Learning"
Ethics in Artificial Intelligence (Part 2),Frank Castle et al.,2021,This paper explores the applications and challenges of ethics in artificial intelligence (part 2) within the broader context of computer science. We propose a novel architecture that improves performance by 15% over state-of-the-art baselines.,"Cloud Computing, Neural Networks, Deep Learning"
Human-Computer Interaction in Virtual Reality (Part 3),Heidi Klum et al.,2020,This paper explores the applications and challenges of human-computer interaction in virtual reality (part 3) within the broader context of computer science. We propose a novel architecture that improves performance by 15% over state-of-the-art baselines.,"Artificial Intelligence, Cloud Computing, IoT"
Natural Language Processing with Large Language Models (Part 4),Frank Castle et al.,2020,This paper explores the applications and challenges of natural language processing with large language models (part 4) within the broader context of computer science. We propose a novel architecture that improves performance by 15% over state-of-the-art baselines.,"NLP, Data Science, Quantum Computing"
Self-Supervised Learning in Speech Recognition (Part 5),Alice Smith et al.,2022,This paper explores the applications and challenges of self-supervised learning in speech recognition (part 5) within the broader context of computer science. We propose a novel architecture that improves performance by 15% over state-of-the-art baselines.,"Robotics, Cloud Computing, Blockchain"
Ethics in Artificial Intelligence (Part 1),Ivan Drago et al.,2023,This paper explores the applications and challenges of ethics in artificial intelligence (part 1) within the broader context of computer science. We propose a novel architecture that improves performance by 15% over state-of-the-art baselines.,"Quantum Computing, Data Science, Deep Learning"
Natural Language Processing with Large Language Models (Part 2),Diana Prince et al.,2021,This paper explores the applications and challenges of natural language processing with large language models (part 2) within the broader context of computer science. We propose a novel architecture that improves performance by 15% over state-of-the-art baselines.,"NLP, Cloud Computing, Machine Learning"
Distributed Systems Consensus Protocols (Part 3),Diana Prince et al.,2021,This paper explores the applications and challenges of distributed systems consensus protocols (part 3) within the broader context of computer science. We propose a novel architecture that improves performance by 15% over state-of-the-art baselines.,"Algorithms, Artificial Intelligence, Robotics"
Blockchain for Supply Chain Transparency (Part 4),Heidi Klum et al.,2023,This paper explores the applications and challenges of blockchain for supply chain transparency (part 4) within the broader context of computer science. We propose a novel architecture that improves performance by 15% over state-of-the-art baselines.,"Cloud Computing, Data Science, Neural Networks"
Explainable AI (XAI) for Medical Diagnosis (Part 5),Eve Adams et al.,2022,This paper explores the applications and challenges of explainable ai (xai) for medical diagnosis (part 5) within the broader context of computer science. We propose a novel architecture that improves performance by 15% over state-of-the-art baselines.,"Quantum Computing, Algorithms, Artificial Intelligence"
5G Networks and Low Latency Applications (Part 1),Bob Jones et al.,2024,This paper explores the applications and challenges of 5g networks and low latency applications (part 1) within the broader context of computer science. We propose a novel architecture that improves performance by 15% over state-of-the-art baselines.,"IoT, Robotics, Computer Vision"
Natural Language Processing with Large Language Models (Part 2),Bob Jones et al.,2019,This paper explores the applications and challenges of natural language processing with large language models (part 2) within the broader context of computer science. We propose a novel architecture that improves performance by 15% over state-of-the-art baselines.,"Robotics, Artificial Intelligence, Algorithms"
Hardware Accelerators for Machine Learning (Part 3),Diana Prince et al.,2025,This paper explores the applications and challenges of hardware accelerators for machine learning (part 3) within the broader context of computer science. We propose a novel architecture that improves performance by 15% over state-of-the-art baselines.,"Computer Vision, Cloud Computing, Cybersecurity"
Attention Is All You Need: Transformers Explained (Part 4),Eve Adams et al.,2025,This paper explores the applications and challenges of attention is all you need: transformers explained (part 4) within the broader context of computer science. We propose a novel architecture that improves performance by 15% over state-of-the-art baselines.,"Robotics, Cloud Computing, NLP"
Quantum Computing: A Post-Moore Paradigm (Part 5),Charlie Brown et al.,2022,This paper explores the applications and challenges of quantum computing: a post-moore paradigm (part 5) within the broader context of computer science. We propose a novel architecture that improves performance by 15% over state-of-the-art baselines.,"Quantum Computing, Edge Computing, IoT"
Graph Neural Networks for Social Network Analysis (Part 1),Frank Castle et al.,2021,This paper explores the applications and challenges of graph neural networks for social network analysis (part 1) within the broader context of computer science. We propose a novel architecture that improves performance by 15% over state-of-the-art baselines.,"Data Science, Artificial Intelligence, Deep Learning"
Explainable AI (XAI) for Medical Diagnosis (Part 2),Diana Prince et al.,2019,This paper explores the applications and challenges of explainable ai (xai) for medical diagnosis (part 2) within the broader context of computer science. We propose a novel architecture that improves performance by 15% over state-of-the-art baselines.,"Deep Learning, Edge Computing, Cloud Computing"
Ethics in Artificial Intelligence (Part 3),Ivan Drago et al.,2025,This paper explores the applications and challenges of ethics in artificial intelligence (part 3) within the broader context of computer science. We propose a novel architecture that improves performance by 15% over state-of-the-art baselines.,"Neural Networks, Quantum Computing, Cybersecurity"
Explainable AI (XAI) for Medical Diagnosis (Part 4),Charlie Brown et al.,2018,This paper explores the applications and challenges of explainable ai (xai) for medical diagnosis (part 4) within the broader context of computer science. We propose a novel architecture that improves performance by 15% over state-of-the-art baselines.,"Computer Vision, Machine Learning, Cloud Computing"
Big Data Analytics for Predictive Maintenance (Part 5),Bob Jones et al.,2021,This paper explores the applications and challenges of big data analytics for predictive maintenance (part 5) within the broader context of computer science. We propose a novel architecture that improves performance by 15% over state-of-the-art baselines.,"Cloud Computing, Neural Networks, NLP"
Serverless Computing Architecture (Part 1),Judy Garland et al.,2019,This paper explores the applications and challenges of serverless computing architecture (part 1) within the broader context of computer science. We propose a novel architecture that improves performance by 15% over state-of-the-art baselines.,"Neural Networks, Machine Learning, Data Science"
Deep Learning for Computer Vision: A Review (Part 2),Eve Adams et al.,2022,This paper explores the applications and challenges of deep learning for computer vision: a review (part 2) within the broader context of computer science. We propose a novel architecture that improves performance by 15% over state-of-the-art baselines.,"Artificial Intelligence, Computer Vision, Algorithms"
Quantum Computing: A Post-Moore Paradigm (Part 3),Eve Adams et al.,2022,This paper explores the applications and challenges of quantum computing: a post-moore paradigm (part 3) within the broader context of computer science. We propose a novel architecture that improves performance by 15% over state-of-the-art baselines.,"Artificial Intelligence, Data Science, Robotics"
Optimization Algorithms for Deep Neural Networks (Part 4),Heidi Klum et al.,2022,This paper explores the applications and challenges of optimization algorithms for deep neural networks (part 4) within the broader context of computer science. We propose a novel architecture that improves performance by 15% over state-of-the-art baselines.,"Cybersecurity, Robotics, Deep Learning"
Graph Neural Networks for Social Network Analysis (Part 5),Ivan Drago et al.,2018,This paper explores the applications and challenges of graph neural networks for social network analysis (part 5) within the broader context of computer science. We propose a novel architecture that improves performance by 15% over state-of-the-art baselines.,"NLP, Computer Vision, Deep Learning"
Time Series Forecasting with LSTM (Part 1),Bob Jones et al.,2022,This paper explores the applications and challenges of time series forecasting with lstm (part 1) within the broader context of computer science. We propose a novel architecture that improves performance by 15% over state-of-the-art baselines.,"Robotics, IoT, Computer Vision"
Microservices vs Monolithic Architectures (Part 2),Heidi Klum et al.,2023,This paper explores the applications and challenges of microservices vs monolithic architectures (part 2) within the broader context of computer science. We propose a novel architecture that improves performance by 15% over state-of-the-art baselines.,"Neural Networks, Cloud Computing, Quantum Computing"
Microservices vs Monolithic Architectures (Part 3),Ivan Drago et al.,2022,This paper explores the applications and challenges of microservices vs monolithic architectures (part 3) within the broader context of computer science. We propose a novel architecture that improves performance by 15% over state-of-the-art baselines.,"Computer Vision, Blockchain, Algorithms"
Reinforcement Learning in Robotics (Part 4),Alice Smith et al.,2022,This paper explores the applications and challenges of reinforcement learning in robotics (part 4) within the broader context of computer science. We propose a novel architecture that improves performance by 15% over state-of-the-art baselines.,"Cybersecurity, Machine Learning, Deep Learning"
5G Networks and Low Latency Applications (Part 5),Alice Smith et al.,2026,This paper explores the applications and challenges of 5g networks and low latency applications (part 5) within the broader context of computer science. We propose a novel architecture that improves performance by 15% over state-of-the-art baselines.,"Deep Learning, IoT, Robotics"
Serverless Computing Architecture (Part 1),Charlie Brown et al.,2022,This paper explores the applications and challenges of serverless computing architecture (part 1) within the broader context of computer science. We propose a novel architecture that improves performance by 15% over state-of-the-art baselines.,"Neural Networks, Blockchain, Data Science"
Self-Supervised Learning in Speech Recognition (Part 2),Alice Smith et al.,2025,This paper explores the applications and challenges of self-supervised learning in speech recognition (part 2) within the broader context of computer science. We propose a novel architecture that improves performance by 15% over state-of-the-art baselines.,"Deep Learning, Cloud Computing, Quantum Computing"
Time Series Forecasting with LSTM (Part 3),Eve Adams et al.,2023,This paper explores the applications and challenges of time series forecasting with lstm (part 3) within the broader context of computer science. We propose a novel architecture that improves performance by 15% over state-of-the-art baselines.,"Cloud Computing, Data Science, Neural Networks"
Quantum Computing: A Post-Moore Paradigm (Part 4),Grace Hopper et al.,2022,This paper explores the applications and challenges of quantum computing: a post-moore paradigm (part 4) within the broader context of computer science. We propose a novel architecture that improves performance by 15% over state-of-the-art baselines.,"IoT, Computer Vision, Artificial Intelligence"
Distributed Systems Consensus Protocols (Part 5),Frank Castle et al.,2024,This paper explores the applications and challenges of distributed systems consensus protocols (part 5) within the broader context of computer science. We propose a novel architecture that improves performance by 15% over state-of-the-art baselines.,"IoT, Cybersecurity, Artificial Intelligence"
Cloud Computing Security Challenges (Part 1),Frank Castle et al.,2021,This paper explores the applications and challenges of cloud computing security challenges (part 1) within the broader context of computer science. We propose a novel architecture that improves performance by 15% over state-of-the-art baselines.,"Quantum Computing, NLP, Edge Computing"
Hardware Accelerators for Machine Learning (Part 2),Alice Smith et al.,2020,This paper explores the applications and challenges of hardware accelerators for machine learning (part 2) within the broader context of computer science. We propose a novel architecture that improves performance by 15% over state-of-the-art baselines.,"Quantum Computing, Blockchain, Cloud Computing"
Graph Neural Networks for Social Network Analysis (Part 3),Ivan Drago et al.,2021,This paper explores the applications and challenges of graph neural networks for social network analysis (part 3) within the broader context of computer science. We propose a novel architecture that improves performance by 15% over state-of-the-art baselines.,"Neural Networks, Cloud Computing, Machine Learning"
Generative Adversarial Networks for Image Synthesis (Part 4),Grace Hopper et al.,2022,This paper explores the applications and challenges of generative adversarial networks for image synthesis (part 4) within the broader context of computer science. We propose a novel architecture that improves performance by 15% over state-of-the-art baselines.,"Cybersecurity, IoT, Artificial Intelligence"
Ethics in Artificial Intelligence (Part 5),Diana Prince et al.,2025,This paper explores the applications and challenges of ethics in artificial intelligence (part 5) within the broader context of computer science. We propose a novel architecture that improves performance by 15% over state-of-the-art baselines.,"Computer Vision, Edge Computing, Data Science"
Reinforcement Learning in Robotics (Part 1),Bob Jones et al.,2022,This paper explores the applications and challenges of reinforcement learning in robotics (part 1) within the broader context of computer science. We propose a novel architecture that improves performance by 15% over state-of-the-art baselines.,"Data Science, Edge Computing, Neural Networks"
Graph Neural Networks for Social Network Analysis (Part 2),Judy Garland et al.,2020,This paper explores the applications and challenges of graph neural networks for social network analysis (part 2) within the broader context of computer science. We propose a novel architecture that improves performance by 15% over state-of-the-art baselines.,"Cybersecurity, Quantum Computing, Cloud Computing"
5G Networks and Low Latency Applications (Part 3),Alice Smith et al.,2020,This paper explores the applications and challenges of 5g networks and low latency applications (part 3) within the broader context of computer science. We propose a novel architecture that improves performance by 15% over state-of-the-art baselines.,"Artificial Intelligence, Deep Learning, Neural Networks"
Microservices vs Monolithic Architectures (Part 4),Ivan Drago et al.,2022,This paper explores the applications and challenges of microservices vs monolithic architectures (part 4) within the broader context of computer science. We propose a novel architecture that improves performance by 15% over state-of-the-art baselines.,"Cybersecurity, Cloud Computing, Algorithms"
Natural Language Processing with Large Language Models (Part 5),Eve Adams et al.,2019,This paper explores the applications and challenges of natural language processing with large language models (part 5) within the broader context of computer science. We propose a novel architecture that improves performance by 15% over state-of-the-art baselines.,"Robotics, Artificial Intelligence, Data Science"
Human-Computer Interaction in Virtual Reality (Part 1),Judy Garland et al.,2026,This paper explores the applications and challenges of human-computer interaction in virtual reality (part 1) within the broader context of computer science. We propose a novel architecture that improves performance by 15% over state-of-the-art baselines.,"Machine Learning, Computer Vision, IoT"
Hardware Accelerators for Machine Learning (Part 2),Heidi Klum et al.,2025,This paper explores the applications and challenges of hardware accelerators for machine learning (part 2) within the broader context of computer science. We propose a novel architecture that improves performance by 15% over state-of-the-art baselines.,"Cloud Computing, Data Science, Machine Learning"
Natural Language Processing with Large Language Models (Part 3),Bob Jones et al.,2019,This paper explores the applications and challenges of natural language processing with large language models (part 3) within the broader context of computer science. We propose a novel architecture that improves performance by 15% over state-of-the-art baselines.,"Deep Learning, NLP, Computer Vision"
Cybersecurity in the Age of AI (Part 4),Bob Jones et al.,2025,This paper explores the applications and challenges of cybersecurity in the age of ai (part 4) within the broader context of computer science. We propose a novel architecture that improves performance by 15% over state-of-the-art baselines.,"Machine Learning, Computer Vision, Cybersecurity"
Natural Language Processing with Large Language Models (Part 5),Judy Garland et al.,2019,This paper explores the applications and challenges of natural language processing with large language models (part 5) within the broader context of computer science. We propose a novel architecture that improves performance by 15% over state-of-the-art baselines.,"Cloud Computing, Computer Vision, Artificial Intelligence"
Natural Language Processing with Large Language Models (Part 1),Bob Jones et al.,2018,This paper explores the applications and challenges of natural language processing with large language models (part 1) within the broader context of computer science. We propose a novel architecture that improves performance by 15% over state-of-the-art baselines.,"Blockchain, NLP, Algorithms"
Cloud Computing Security Challenges (Part 2),Alice Smith et al.,2021,This paper explores the applications and challenges of cloud computing security challenges (part 2) within the broader context of computer science. We propose a novel architecture that improves performance by 15% over state-of-the-art baselines.,"Edge Computing, Blockchain, Machine Learning"
Optimization Algorithms for Deep Neural Networks (Part 3),Alice Smith et al.,2025,This paper explores the applications and challenges of optimization algorithms for deep neural networks (part 3) within the broader context of computer science. We propose a novel architecture that improves performance by 15% over state-of-the-art baselines.,"Neural Networks, Algorithms, Blockchain"
Blockchain for Supply Chain Transparency (Part 4),Charlie Brown et al.,2023,This paper explores the applications and challenges of blockchain for supply chain transparency (part 4) within the broader context of computer science. We propose a novel architecture that improves performance by 15% over state-of-the-art baselines.,"Artificial Intelligence, Cybersecurity, Data Science"
Human-Computer Interaction in Virtual Reality (Part 5),Diana Prince et al.,2022,This paper explores the applications and challenges of human-computer interaction in virtual reality (part 5) within the broader context of computer science. We propose a novel architecture that improves performance by 15% over state-of-the-art baselines.,"IoT, Neural Networks, Cloud Computing"
5G Networks and Low Latency Applications (Part 1),Charlie Brown et al.,2025,This paper explores the applications and challenges of 5g networks and low latency applications (part 1) within the broader context of computer science. We propose a novel architecture that improves performance by 15% over state-of-the-art baselines.,"Deep Learning, Computer Vision, NLP"
Cybersecurity in the Age of AI (Part 2),Judy Garland et al.,2025,This paper explores the applications and challenges of cybersecurity in the age of ai (part 2) within the broader context of computer science. We propose a novel architecture that improves performance by 15% over state-of-the-art baselines.,"NLP, Data Science, Artificial Intelligence"
Explainable AI (XAI) for Medical Diagnosis (Part 3),Bob Jones et al.,2018,This paper explores the applications and challenges of explainable ai (xai) for medical diagnosis (part 3) within the broader context of computer science. We propose a novel architecture that improves performance by 15% over state-of-the-art baselines.,"Neural Networks, Blockchain, Robotics"
Time Series Forecasting with LSTM (Part 4),Alice Smith et al.,2026,This paper explores the applications and challenges of time series forecasting with lstm (part 4) within the broader context of computer science. We propose a novel architecture that improves performance by 15% over state-of-the-art baselines.,"Computer Vision, Artificial Intelligence, IoT"
Deep Learning for Computer Vision: A Review (Part 5),Charlie Brown et al.,2019,This paper explores the applications and challenges of deep learning for computer vision: a review (part 5) within the broader context of computer science. We propose a novel architecture that improves performance by 15% over state-of-the-art baselines.,"Machine Learning, NLP, Cybersecurity"
Explainable AI (XAI) for Medical Diagnosis (Part 1),Diana Prince et al.,2024,This paper explores the applications and challenges of explainable ai (xai) for medical diagnosis (part 1) within the broader context of computer science. We propose a novel architecture that improves performance by 15% over state-of-the-art baselines.,"Deep Learning, Neural Networks, Robotics"
Distributed Systems Consensus Protocols (Part 2),Frank Castle et al.,2026,This paper explores the applications and challenges of distributed systems consensus protocols (part 2) within the broader context of computer science. We propose a novel architecture that improves performance by 15% over state-of-the-art baselines.,"IoT, Edge Computing, Computer Vision"
Autonomous Driving: Perception and Planning (Part 3),Heidi Klum et al.,2022,This paper explores the applications and challenges of autonomous driving: perception and planning (part 3) within the broader context of computer science. We propose a novel architecture that improves performance by 15% over state-of-the-art baselines.,"Cybersecurity, Edge Computing, Machine Learning"
Cybersecurity in the Age of AI (Part 4),Alice Smith et al.,2018,This paper explores the applications and challenges of cybersecurity in the age of ai (part 4) within the broader context of computer science. We propose a novel architecture that improves performance by 15% over state-of-the-art baselines.,"Quantum Computing, Cybersecurity, NLP"
Serverless Computing Architecture (Part 5),Alice Smith et al.,2022,This paper explores the applications and challenges of serverless computing architecture (part 5) within the broader context of computer science. We propose a novel architecture that improves performance by 15% over state-of-the-art baselines.,"Cloud Computing, Algorithms, IoT"
5G Networks and Low Latency Applications (Part 1),Ivan Drago et al.,2026,This paper explores the applications and challenges of 5g networks and low latency applications (part 1) within the broader context of computer science. We propose a novel architecture that improves performance by 15% over state-of-the-art baselines.,"Robotics, Cybersecurity, Machine Learning"
5G Networks and Low Latency Applications (Part 2),Heidi Klum et al.,2025,This paper explores the applications and challenges of 5g networks and low latency applications (part 2) within the broader context of computer science. We propose a novel architecture that improves performance by 15% over state-of-the-art baselines.,"Machine Learning, IoT, Deep Learning"
Time Series Forecasting with LSTM (Part 3),Frank Castle et al.,2026,This paper explores the applications and challenges of time series forecasting with lstm (part 3) within the broader context of computer science. We propose a novel architecture that improves performance by 15% over state-of-the-art baselines.,"Machine Learning, Robotics, Quantum Computing"
Time Series Forecasting with LSTM (Part 4),Bob Jones et al.,2024,This paper explores the applications and challenges of time series forecasting with lstm (part 4) within the broader context of computer science. We propose a novel architecture that improves performance by 15% over state-of-the-art baselines.,"IoT, Neural Networks, Algorithms"
5G Networks and Low Latency Applications (Part 5),Frank Castle et al.,2022,This paper explores the applications and challenges of 5g networks and low latency applications (part 5) within the broader context of computer science. We propose a novel architecture that improves performance by 15% over state-of-the-art baselines.,"Blockchain, Neural Networks, Cloud Computing"
Microservices vs Monolithic Architectures (Part 1),Diana Prince et al.,2023,This paper explores the applications and challenges of microservices vs monolithic architectures (part 1) within the broader context of computer science. We propose a novel architecture that improves performance by 15% over state-of-the-art baselines.,"IoT, Machine Learning, Data Science"
Deep Learning for Computer Vision: A Review (Part 2),Alice Smith et al.,2020,This paper explores the applications and challenges of deep learning for computer vision: a review (part 2) within the broader context of computer science. We propose a novel architecture that improves performance by 15% over state-of-the-art baselines.,"Robotics, Machine Learning, Artificial Intelligence"
Distributed Systems Consensus Protocols (Part 3),Eve Adams et al.,2023,This paper explores the applications and challenges of distributed systems consensus protocols (part 3) within the broader context of computer science. We propose a novel architecture that improves performance by 15% over state-of-the-art baselines.,"Machine Learning, NLP, Edge Computing"
Graph Neural Networks for Social Network Analysis (Part 4),Ivan Drago et al.,2026,This paper explores the applications and challenges of graph neural networks for social network analysis (part 4) within the broader context of computer science. We propose a novel architecture that improves performance by 15% over state-of-the-art baselines.,"Artificial Intelligence, Machine Learning, Blockchain"
Human-Computer Interaction in Virtual Reality (Part 5),Alice Smith et al.,2019,This paper explores the applications and challenges of human-computer interaction in virtual reality (part 5) within the broader context of computer science. We propose a novel architecture that improves performance by 15% over state-of-the-art baselines.,"Neural Networks, Algorithms, Edge Computing"
